阈值,样本,加仓占比%,加仓胜率%,加仓中位%,观望占比%,观望胜率%,观望中位%,减仓占比%,减仓胜率%,减仓中位%,清仓占比%,清仓胜率%,清仓中位%,加仓-清仓胜率差,加仓-清仓中位差
6/-6/-16,3070,31.3,49.5,0.0,27.7,46.6,-0.218,21.4,53.1,0.264,19.6,48.0,-0.095,1.5,0.095
6/-6/-14,3070,31.3,49.5,0.0,27.7,46.6,-0.218,17.8,53.4,0.264,23.3,48.6,-0.074,0.9,0.074
6/-6/-12,3070,31.3,49.5,0.0,27.7,46.6,-0.218,12.7,52.2,0.228,28.3,50.0,0.004,-0.5,-0.004
6/-4/-16,3070,31.3,49.5,0.0,22.6,45.4,-0.282,26.4,53.0,0.256,19.6,48.0,-0.095,1.5,0.095
6/-4/-14,3070,31.3,49.5,0.0,22.6,45.4,-0.282,22.8,53.1,0.256,23.3,48.6,-0.074,0.9,0.074
6/-4/-12,3070,31.3,49.5,0.0,22.6,45.4,-0.282,17.8,52.2,0.229,28.3,50.0,0.004,-0.5,-0.004
6/-4/-10,3070,31.3,49.5,0.0,22.6,45.4,-0.282,13.5,51.8,0.228,32.6,50.4,0.053,-1.0,-0.053
6/-2/-16,3070,31.3,49.5,0.0,17.3,43.7,-0.488,31.8,52.6,0.264,19.6,48.0,-0.095,1.5,0.095
6/-2/-14,3070,31.3,49.5,0.0,17.3,43.7,-0.488,28.1,52.7,0.264,23.3,48.6,-0.074,0.9,0.074
6/-2/-12,3070,31.3,49.5,0.0,17.3,43.7,-0.488,23.1,51.9,0.23,28.3,50.0,0.004,-0.5,-0.004
6/-2/-10,3070,31.3,49.5,0.0,17.3,43.7,-0.488,18.8,51.6,0.232,32.6,50.4,0.053,-1.0,-0.053
6/-2/-8,3070,31.3,49.5,0.0,17.3,43.7,-0.488,15.1,50.9,0.162,36.3,50.9,0.149,-1.4,-0.149
6/0/-16,3070,31.3,49.5,0.0,13.0,44.9,-0.409,36.1,51.1,0.149,19.6,48.0,-0.095,1.5,0.095
6/0/-14,3070,31.3,49.5,0.0,13.0,44.9,-0.409,32.4,51.1,0.147,23.3,48.6,-0.074,0.9,0.074
6/0/-12,3070,31.3,49.5,0.0,13.0,44.9,-0.409,27.4,50.1,0.063,28.3,50.0,0.004,-0.5,-0.004
6/0/-10,3070,31.3,49.5,0.0,13.0,44.9,-0.409,23.1,49.4,-0.011,32.6,50.4,0.053,-1.0,-0.053
6/0/-8,3070,31.3,49.5,0.0,13.0,44.9,-0.409,19.4,48.5,-0.133,36.3,50.9,0.149,-1.4,-0.149
8/-6/-16,3070,25.6,49.6,0.0,33.4,47.1,-0.217,21.4,53.1,0.264,19.6,48.0,-0.095,1.5,0.095
8/-6/-14,3070,25.6,49.6,0.0,33.4,47.1,-0.217,17.8,53.4,0.264,23.3,48.6,-0.074,1.0,0.074
8/-6/-12,3070,25.6,49.6,0.0,33.4,47.1,-0.217,12.7,52.2,0.228,28.3,50.0,0.004,-0.4,-0.004
8/-4/-16,3070,25.6,49.6,0.0,28.4,46.2,-0.273,26.4,53.0,0.256,19.6,48.0,-0.095,1.5,0.095
8/-4/-14,3070,25.6,49.6,0.0,28.4,46.2,-0.273,22.8,53.1,0.256,23.3,48.6,-0.074,1.0,0.074
8/-4/-12,3070,25.6,49.6,0.0,28.4,46.2,-0.273,17.8,52.2,0.229,28.3,50.0,0.004,-0.4,-0.004
8/-4/-10,3070,25.6,49.6,0.0,28.4,46.2,-0.273,13.5,51.8,0.228,32.6,50.4,0.053,-0.9,-0.053
8/-2/-16,3070,25.6,49.6,0.0,23.1,45.1,-0.451,31.8,52.6,0.264,19.6,48.0,-0.095,1.5,0.095
8/-2/-14,3070,25.6,49.6,0.0,23.1,45.1,-0.451,28.1,52.7,0.264,23.3,48.6,-0.074,1.0,0.074
8/-2/-12,3070,25.6,49.6,0.0,23.1,45.1,-0.451,23.1,51.9,0.23,28.3,50.0,0.004,-0.4,-0.004
8/-2/-10,3070,25.6,49.6,0.0,23.1,45.1,-0.451,18.8,51.6,0.232,32.6,50.4,0.053,-0.9,-0.053
8/-2/-8,3070,25.6,49.6,0.0,23.1,45.1,-0.451,15.1,50.9,0.162,36.3,50.9,0.149,-1.3,-0.149
8/0/-16,3070,25.6,49.6,0.0,18.8,46.2,-0.343,36.1,51.1,0.149,19.6,48.0,-0.095,1.5,0.095
8/0/-14,3070,25.6,49.6,0.0,18.8,46.2,-0.343,32.4,51.1,0.147,23.3,48.6,-0.074,1.0,0.074
8/0/-12,3070,25.6,49.6,0.0,18.8,46.2,-0.343,27.4,50.1,0.063,28.3,50.0,0.004,-0.4,-0.004
8/0/-10,3070,25.6,49.6,0.0,18.8,46.2,-0.343,23.1,49.4,-0.011,32.6,50.4,0.053,-0.9,-0.053
8/0/-8,3070,25.6,49.6,0.0,18.8,46.2,-0.343,19.4,48.5,-0.133,36.3,50.9,0.149,-1.3,-0.149
8/2/-16,3070,25.6,49.6,0.0,15.1,45.6,-0.455,39.7,50.9,0.125,19.6,48.0,-0.095,1.5,0.095
8/2/-14,3070,25.6,49.6,0.0,15.1,45.6,-0.455,36.0,50.8,0.105,23.3,48.6,-0.074,1.0,0.074
8/2/-12,3070,25.6,49.6,0.0,15.1,45.6,-0.455,31.0,49.9,0.0,28.3,50.0,0.004,-0.4,-0.004
8/2/-10,3070,25.6,49.6,0.0,15.1,45.6,-0.455,26.7,49.3,-0.022,32.6,50.4,0.053,-0.9,-0.053
8/2/-8,3070,25.6,49.6,0.0,15.1,45.6,-0.455,23.0,48.5,-0.118,36.3,50.9,0.149,-1.3,-0.149
8/4/-16,3070,25.6,49.6,0.0,10.6,44.0,-0.691,44.2,50.7,0.105,19.6,48.0,-0.095,1.5,0.095
8/4/-14,3070,25.6,49.6,0.0,10.6,44.0,-0.691,40.6,50.6,0.093,23.3,48.6,-0.074,1.0,0.074
8/4/-12,3070,25.6,49.6,0.0,10.6,44.0,-0.691,35.6,49.8,0.0,28.3,50.0,0.004,-0.4,-0.004
8/4/-10,3070,25.6,49.6,0.0,10.6,44.0,-0.691,31.2,49.3,-0.043,32.6,50.4,0.053,-0.9,-0.053
8/4/-8,3070,25.6,49.6,0.0,10.6,44.0,-0.691,27.6,48.6,-0.094,36.3,50.9,0.149,-1.3,-0.149
10/-6/-16,3070,20.2,49.2,-0.059,38.8,47.6,-0.152,21.4,53.1,0.264,19.6,48.0,-0.095,1.2,0.036
10/-6/-14,3070,20.2,49.2,-0.059,38.8,47.6,-0.152,17.8,53.4,0.264,23.3,48.6,-0.074,0.6,0.014
10/-6/-12,3070,20.2,49.2,-0.059,38.8,47.6,-0.152,12.7,52.2,0.228,28.3,50.0,0.004,-0.8,-0.063
10/-4/-16,3070,20.2,49.2,-0.059,33.7,46.9,-0.179,26.4,53.0,0.256,19.6,48.0,-0.095,1.2,0.036
10/-4/-14,3070,20.2,49.2,-0.059,33.7,46.9,-0.179,22.8,53.1,0.256,23.3,48.6,-0.074,0.6,0.014
10/-4/-12,3070,20.2,49.2,-0.059,33.7,46.9,-0.179,17.8,52.2,0.229,28.3,50.0,0.004,-0.8,-0.063
10/-4/-10,3070,20.2,49.2,-0.059,33.7,46.9,-0.179,13.5,51.8,0.228,32.6,50.4,0.053,-1.3,-0.112
10/-2/-16,3070,20.2,49.2,-0.059,28.4,46.2,-0.233,31.8,52.6,0.264,19.6,48.0,-0.095,1.2,0.036
10/-2/-14,3070,20.2,49.2,-0.059,28.4,46.2,-0.233,28.1,52.7,0.264,23.3,48.6,-0.074,0.6,0.014
10/-2/-12,3070,20.2,49.2,-0.059,28.4,46.2,-0.233,23.1,51.9,0.23,28.3,50.0,0.004,-0.8,-0.063
10/-2/-10,3070,20.2,49.2,-0.059,28.4,46.2,-0.233,18.8,51.6,0.232,32.6,50.4,0.053,-1.3,-0.112
10/-2/-8,3070,20.2,49.2,-0.059,28.4,46.2,-0.233,15.1,50.9,0.162,36.3,50.9,0.149,-1.7,-0.208
10/0/-16,3070,20.2,49.2,-0.059,24.1,47.2,-0.152,36.1,51.1,0.149,19.6,48.0,-0.095,1.2,0.036
10/0/-14,3070,20.2,49.2,-0.059,24.1,47.2,-0.152,32.4,51.1,0.147,23.3,48.6,-0.074,0.6,0.014
10/0/-12,3070,20.2,49.2,-0.059,24.1,47.2,-0.152,27.4,50.1,0.063,28.3,50.0,0.004,-0.8,-0.063
10/0/-10,3070,20.2,49.2,-0.059,24.1,47.2,-0.152,23.1,49.4,-0.011,32.6,50.4,0.053,-1.3,-0.112
10/0/-8,3070,20.2,49.2,-0.059,24.1,47.2,-0.152,19.4,48.5,-0.133,36.3,50.9,0.149,-1.7,-0.208
10/2/-16,3070,20.2,49.2,-0.059,20.5,47.0,-0.17,39.7,50.9,0.125,19.6,48.0,-0.095,1.2,0.036
10/2/-14,3070,20.2,49.2,-0.059,20.5,47.0,-0.17,36.0,50.8,0.105,23.3,48.6,-0.074,0.6,0.014
10/2/-12,3070,20.2,49.2,-0.059,20.5,47.0,-0.17,31.0,49.9,0.0,28.3,50.0,0.004,-0.8,-0.063
10/2/-10,3070,20.2,49.2,-0.059,20.5,47.0,-0.17,26.7,49.3,-0.022,32.6,50.4,0.053,-1.3,-0.112
10/2/-8,3070,20.2,49.2,-0.059,20.5,47.0,-0.17,23.0,48.5,-0.118,36.3,50.9,0.149,-1.7,-0.208
10/4/-16,3070,20.2,49.2,-0.059,16.0,46.3,-0.174,44.2,50.7,0.105,19.6,48.0,-0.095,1.2,0.036
10/4/-14,3070,20.2,49.2,-0.059,16.0,46.3,-0.174,40.6,50.6,0.093,23.3,48.6,-0.074,0.6,0.014
10/4/-12,3070,20.2,49.2,-0.059,16.0,46.3,-0.174,35.6,49.8,0.0,28.3,50.0,0.004,-0.8,-0.063
10/4/-10,3070,20.2,49.2,-0.059,16.0,46.3,-0.174,31.2,49.3,-0.043,32.6,50.4,0.053,-1.3,-0.112
10/4/-8,3070,20.2,49.2,-0.059,16.0,46.3,-0.174,27.6,48.6,-0.094,36.3,50.9,0.149,-1.7,-0.208
10/6/-16,3070,20.2,49.2,-0.059,11.1,50.0,0.025,49.1,49.5,0.0,19.6,48.0,-0.095,1.2,0.036
10/6/-14,3070,20.2,49.2,-0.059,11.1,50.0,0.025,45.4,49.3,0.0,23.3,48.6,-0.074,0.6,0.014
10/6/-12,3070,20.2,49.2,-0.059,11.1,50.0,0.025,40.4,48.4,-0.124,28.3,50.0,0.004,-0.8,-0.063
10/6/-10,3070,20.2,49.2,-0.059,11.1,50.0,0.025,36.1,47.8,-0.173,32.6,50.4,0.053,-1.3,-0.112
10/6/-8,3070,20.2,49.2,-0.059,11.1,50.0,0.025,32.4,47.0,-0.216,36.3,50.9,0.149,-1.7,-0.208
12/-6/-16,3070,15.0,50.0,0.008,43.9,47.5,-0.152,21.4,53.1,0.264,19.6,48.0,-0.095,2.0,0.103
12/-6/-14,3070,15.0,50.0,0.008,43.9,47.5,-0.152,17.8,53.4,0.264,23.3,48.6,-0.074,1.4,0.082
12/-6/-12,3070,15.0,50.0,0.008,43.9,47.5,-0.152,12.7,52.2,0.228,28.3,50.0,0.004,0.0,0.005
12/-4/-16,3070,15.0,50.0,0.008,38.9,46.9,-0.186,26.4,53.0,0.256,19.6,48.0,-0.095,2.0,0.103
12/-4/-14,3070,15.0,50.0,0.008,38.9,46.9,-0.186,22.8,53.1,0.256,23.3,48.6,-0.074,1.4,0.082
12/-4/-12,3070,15.0,50.0,0.008,38.9,46.9,-0.186,17.8,52.2,0.229,28.3,50.0,0.004,0.0,0.005
12/-4/-10,3070,15.0,50.0,0.008,38.9,46.9,-0.186,13.5,51.8,0.228,32.6,50.4,0.053,-0.4,-0.045
12/-2/-16,3070,15.0,50.0,0.008,33.6,46.3,-0.233,31.8,52.6,0.264,19.6,48.0,-0.095,2.0,0.103
12/-2/-14,3070,15.0,50.0,0.008,33.6,46.3,-0.233,28.1,52.7,0.264,23.3,48.6,-0.074,1.4,0.082
12/-2/-12,3070,15.0,50.0,0.008,33.6,46.3,-0.233,23.1,51.9,0.23,28.3,50.0,0.004,0.0,0.005
12/-2/-10,3070,15.0,50.0,0.008,33.6,46.3,-0.233,18.8,51.6,0.232,32.6,50.4,0.053,-0.4,-0.045
12/-2/-8,3070,15.0,50.0,0.008,33.6,46.3,-0.233,15.1,50.9,0.162,36.3,50.9,0.149,-0.9,-0.141
12/0/-16,3070,15.0,50.0,0.008,29.3,47.2,-0.167,36.1,51.1,0.149,19.6,48.0,-0.095,2.0,0.103
12/0/-14,3070,15.0,50.0,0.008,29.3,47.2,-0.167,32.4,51.1,0.147,23.3,48.6,-0.074,1.4,0.082
12/0/-12,3070,15.0,50.0,0.008,29.3,47.2,-0.167,27.4,50.1,0.063,28.3,50.0,0.004,0.0,0.005
12/0/-10,3070,15.0,50.0,0.008,29.3,47.2,-0.167,23.1,49.4,-0.011,32.6,50.4,0.053,-0.4,-0.045
12/0/-8,3070,15.0,50.0,0.008,29.3,47.2,-0.167,19.4,48.5,-0.133,36.3,50.9,0.149,-0.9,-0.141
12/2/-16,3070,15.0,50.0,0.008,25.7,47.0,-0.174,39.7,50.9,0.125,19.6,48.0,-0.095,2.0,0.103
12/2/-14,3070,15.0,50.0,0.008,25.7,47.0,-0.174,36.0,50.8,0.105,23.3,48.6,-0.074,1.4,0.082
12/2/-12,3070,15.0,50.0,0.008,25.7,47.0,-0.174,31.0,49.9,0.0,28.3,50.0,0.004,0.0,0.005
12/2/-10,3070,15.0,50.0,0.008,25.7,47.0,-0.174,26.7,49.3,-0.022,32.6,50.4,0.053,-0.4,-0.045
12/2/-8,3070,15.0,50.0,0.008,25.7,47.0,-0.174,23.0,48.5,-0.118,36.3,50.9,0.149,-0.9,-0.141
12/4/-16,3070,15.0,50.0,0.008,21.1,46.5,-0.186,44.2,50.7,0.105,19.6,48.0,-0.095,2.0,0.103
12/4/-14,3070,15.0,50.0,0.008,21.1,46.5,-0.186,40.6,50.6,0.093,23.3,48.6,-0.074,1.4,0.082
12/4/-12,3070,15.0,50.0,0.008,21.1,46.5,-0.186,35.6,49.8,0.0,28.3,50.0,0.004,0.0,0.005
12/4/-10,3070,15.0,50.0,0.008,21.1,46.5,-0.186,31.2,49.3,-0.043,32.6,50.4,0.053,-0.4,-0.045
12/4/-8,3070,15.0,50.0,0.008,21.1,46.5,-0.186,27.6,48.6,-0.094,36.3,50.9,0.149,-0.9,-0.141
12/6/-16,3070,15.0,50.0,0.008,16.3,49.0,-0.009,49.1,49.5,0.0,19.6,48.0,-0.095,2.0,0.103
12/6/-14,3070,15.0,50.0,0.008,16.3,49.0,-0.009,45.4,49.3,0.0,23.3,48.6,-0.074,1.4,0.082
12/6/-12,3070,15.0,50.0,0.008,16.3,49.0,-0.009,40.4,48.4,-0.124,28.3,50.0,0.004,0.0,0.005
12/6/-10,3070,15.0,50.0,0.008,16.3,49.0,-0.009,36.1,47.8,-0.173,32.6,50.4,0.053,-0.4,-0.045
12/6/-8,3070,15.0,50.0,0.008,16.3,49.0,-0.009,32.4,47.0,-0.216,36.3,50.9,0.149,-0.9,-0.141
12/8/-16,3070,15.0,50.0,0.008,10.5,48.9,0.0,54.8,49.4,0.0,19.6,48.0,-0.095,2.0,0.103
12/8/-14,3070,15.0,50.0,0.008,10.5,48.9,0.0,51.2,49.3,0.0,23.3,48.6,-0.074,1.4,0.082
12/8/-12,3070,15.0,50.0,0.008,10.5,48.9,0.0,46.2,48.5,-0.13,28.3,50.0,0.004,0.0,0.005
12/8/-10,3070,15.0,50.0,0.008,10.5,48.9,0.0,41.8,48.0,-0.172,32.6,50.4,0.053,-0.4,-0.045
12/8/-8,3070,15.0,50.0,0.008,10.5,48.9,0.0,38.2,47.4,-0.215,36.3,50.9,0.149,-0.9,-0.141
